OriginAirportID,DestAirportID,delay_chance
13495,11278,1.0
14122,14492,1.0
11042,14027,1.0
14635,14307,1.0
12478,14524,0.7272727272727273
11618,13851,0.7222222222222222
11042,14100,0.6923076923076923
13796,10721,0.6666666666666666
14893,12478,0.6363636363636364
11292,14492,0.6071428571428571
14635,10792,0.6
13487,14524,0.5833333333333334
13244,11292,0.5833333333333334
11298,13830,0.5789473684210527
13244,11618,0.5686274509803921
12191,12953,0.56
10800,12478,0.5555555555555556
10721,13796,0.5555555555555556
14100,14057,0.55
12264,12953,0.5391304347826087
13232,14869,0.5384615384615384
11292,12451,0.5294117647058824
14307,11618,0.5263157894736842
11292,14307,0.52
13232,13891,0.5172413793103449
13930,10140,0.5106382978723404
12339,14100,0.5
11057,13342,0.5
10423,10721,0.5
11618,10821,0.5
14843,12264,0.5
12478,14730,0.5
14635,12953,0.5
12451,13487,0.5
14771,14893,0.496
12478,11193,0.49019607843137253
12264,14730,0.48
14057,11057,0.48
12478,13198,0.47619047619047616
15016,11697,0.47058823529411764
13342,12478,0.47058823529411764
14771,14492,0.46875
12478,13342,0.46153846153846156
13232,10529,0.46153846153846156
11433,12451,0.46153846153846156
12478,11042,0.45454545454545453
13342,13495,0.45454545454545453
13232,10140,0.4528301886792453
13931,12478,0.45161290322580644
13232,14771,0.45098039215686275
14683,11618,0.45
13232,14893,0.4482758620689655
11066,12478,0.44776119402985076
10693,12478,0.4444444444444444
12478,11066,0.4418604651162791
13931,11618,0.4411764705882353
13930,13495,0.4383561643835616
11292,10529,0.4375
11278,14100,0.4375
14831,12478,0.4375
13198,12478,0.43478260869565216
11618,11278,0.43243243243243246
15376,13487,0.42857142857142855
13495,11042,0.42857142857142855
14570,12266,0.42857142857142855
13232,15376,0.42857142857142855
14843,10529,0.42857142857142855
13232,14570,0.42857142857142855
10821,11618,0.42857142857142855
10299,11298,0.42857142857142855
14893,14100,0.42857142857142855
11618,14524,0.4270833333333333
13232,13796,0.421875
13931,13487,0.42105263157894735
14107,14492,0.42105263157894735
11697,14524,0.42105263157894735
13232,14100,0.4198473282442748
12889,14730,0.4166666666666667
12264,14893,0.4166666666666667
15376,14771,0.4166666666666667
13232,14057,0.41304347826086957
11193,12264,0.4117647058823529
14771,13851,0.4117647058823529
11066,12892,0.4090909090909091
13342,14747,0.4090909090909091
12889,14771,0.40824742268041236
14893,14771,0.40816326530612246
14570,14747,0.4074074074074074
11618,12451,0.4057971014492754
11697,10423,0.40476190476190477
12191,14107,0.4044943820224719
12889,13871,0.4032258064516129
12478,14122,0.40298507462686567
14747,11042,0.4
13931,10721,0.4
10821,12478,0.4
14635,11292,0.4
11433,11618,0.3988439306358382
10821,12191,0.3972602739726027
13232,14683,0.39473684210526316
13871,11618,0.39473684210526316
13232,10792,0.39473684210526316
13796,12478,0.391304347826087
14843,12266,0.391304347826087
13232,11618,0.39
12478,13796,0.3888888888888889
10693,11618,0.3888888888888889
10423,13796,0.3888888888888889
13232,14831,0.3888888888888889
13303,14771,0.38666666666666666
10721,15304,0.38596491228070173
11298,12173,0.38461538461538464
14100,14893,0.38461538461538464
12478,13930,0.3841059602649007
12953,14635,0.38235294117647056
14679,10721,0.38181818181818183
11278,10529,0.38095238095238093
12191,13796,0.38095238095238093
14771,11697,0.379746835443038
11697,14122,0.3783783783783784
12191,12339,0.37735849056603776
13930,10693,0.3772893772893773
11193,11618,0.37714285714285717
13342,11618,0.37681159420289856
10821,14683,0.375
12478,14831,0.375
12953,14100,0.375
13891,14771,0.375
11292,12339,0.37168141592920356
12889,11066,0.37142857142857144
12478,10821,0.3709677419354839
10299,14771,0.37037037037037035
12889,15016,0.36904761904761907
11292,13796,0.3684210526315789
14524,13487,0.3684210526315789
10721,14843,0.36764705882352944
10800,14771,0.36666666666666664
15016,14635,0.36666666666666664
14524,11618,0.3655913978494624
11057,11618,0.36451612903225805
13930,10529,0.36419753086419754
11618,10397,0.36363636363636365
12892,13342,0.36363636363636365
14100,14747,0.3625
10140,13232,0.3617021276595745
13930,13851,0.36054421768707484
14908,14771,0.35973597359735976
13930,11618,0.3594132029339853
13232,10423,0.359375
10821,14730,0.35714285714285715
14057,14100,0.35714285714285715
14730,12478,0.35714285714285715
11278,11618,0.3564356435643564
11433,12478,0.3561643835616438
11042,12953,0.3560606060606061
12264,11618,0.3559322033898305
11292,13930,0.3550488599348534
11618,13931,0.3548387096774194
12478,13487,0.3548387096774194
12191,12451,0.3548387096774194
12478,14100,0.3541666666666667
13232,14107,0.3541666666666667
14100,12478,0.3541666666666667
12191,14908,0.35294117647058826
14100,14307,0.35294117647058826
13198,11697,0.35294117647058826
13232,12892,0.352112676056338
14683,13930,0.3515625
13930,10792,0.3514644351464435
11292,12953,0.35023041474654376
13244,14100,0.35
10792,11618,0.35
12451,11618,0.35
12264,14107,0.35
13495,13930,0.3492063492063492
14027,12953,0.3488372093023256
10821,10529,0.34831460674157305
13930,14570,0.34782608695652173
12892,14771,0.34763948497854075
12953,13487,0.3472803347280335
11057,10423,0.34615384615384615
14771,14570,0.34615384615384615
11057,14771,0.34523809523809523
12953,11066,0.3442622950819672
14492,12953,0.34299516908212563
11042,13303,0.34285714285714286
15016,11618,0.34265734265734266
11292,10721,0.3422818791946309
13198,11618,0.34146341463414637
14679,14100,0.34146341463414637
11292,15304,0.34146341463414637
12953,10693,0.34134615384615385
12451,12478,0.3411764705882353
14570,14771,0.34065934065934067
14492,11278,0.34057971014492755
13930,14100,0.3404255319148936
14107,14771,0.33933933933933935
12266,13342,0.3392857142857143
13342,12266,0.3382352941176471
13930,11042,0.3380681818181818
13930,14122,0.33796296296296297
12191,13851,0.3375
11298,14730,0.33695652173913043
13204,12478,0.3366013071895425
12264,12478,0.3352941176470588
11298,14570,0.3333333333333333
14869,14100,0.3333333333333333
13244,10821,0.3333333333333333
10792,14635,0.3333333333333333
13930,14730,0.3333333333333333
12264,10693,0.3333333333333333
12191,10140,0.3333333333333333
11278,14679,0.3333333333333333
15016,12266,0.3333333333333333
12264,11697,0.3333333333333333
15016,14492,0.3333333333333333
14122,12264,0.3333333333333333
10721,13198,0.3333333333333333
11042,14307,0.3333333333333333
14524,11042,0.3333333333333333
13232,14679,0.3333333333333333
14683,12264,0.3333333333333333
12954,10299,0.3333333333333333
14100,12339,0.3333333333333333
14107,10792,0.3333333333333333
10140,13204,0.3333333333333333
10299,12266,0.3333333333333333
14027,14122,0.3333333333333333
13232,12451,0.3333333333333333
10693,14679,0.3333333333333333
12191,14747,0.3333333333333333
12478,12266,0.3333333333333333
11193,12953,0.3333333333333333
10423,15304,0.3333333333333333
13930,10397,0.3305439330543933
10397,11618,0.33024691358024694
12889,15376,0.32954545454545453
13930,13931,0.32954545454545453
13232,14747,0.32941176470588235
11292,11042,0.3287671232876712
15016,12191,0.3283582089552239
11618,12191,0.32786885245901637
11697,10721,0.3275862068965517
13930,14831,0.3275862068965517
12478,12264,0.32727272727272727
12953,14122,0.32727272727272727
13930,10423,0.32727272727272727
12266,11066,0.32727272727272727
14771,10423,0.3271604938271605
11292,11193,0.3269230769230769
10721,14057,0.3269230769230769
12478,13495,0.32653061224489793
11292,13891,0.3263157894736842
11618,15016,0.32608695652173914
14107,13851,0.32608695652173914
11057,13871,0.32558139534883723
12478,12339,0.32558139534883723
12478,11298,0.32558139534883723
13232,12889,0.3248730964467005
13930,13198,0.3242320819112628
14107,11278,0.323943661971831
12191,10721,0.3235294117647059
14027,13930,0.3225806451612903
10821,10423,0.3225806451612903
13232,12953,0.3220338983050847
11433,10423,0.3220338983050847
12889,10721,0.3220338983050847
13495,11697,0.32142857142857145
14747,14683,0.32142857142857145
13930,14027,0.32142857142857145
13930,11066,0.3212996389891697
10140,13930,0.32075471698113206
11292,12478,0.32075471698113206
10821,15016,0.32038834951456313
11057,14057,0.32
11057,14100,0.32
11433,14683,0.32
14107,13342,0.31958762886597936
10821,14307,0.31958762886597936
14683,13232,0.3191489361702128
11057,11292,0.31896551724137934
13232,14730,0.31868131868131866
11193,11298,0.3184713375796178
13198,12191,0.3181818181818182
12478,13931,0.3181818181818182
12478,10140,0.3181818181818182
11292,14122,0.3181818181818182
12264,11057,0.3172043010752688
11193,12478,0.3170731707317073
11292,10821,0.31666666666666665
11618,14730,0.31666666666666665
11292,14771,0.3162393162393162
10821,13851,0.3157894736842105
14107,12264,0.3157894736842105
12191,11057,0.3157894736842105
15304,12953,0.3157894736842105
10721,14831,0.3157894736842105
12191,11697,0.3157894736842105
14107,12339,0.3150684931506849
11618,13342,0.3148148148148148
12953,10397,0.3146067415730337
12953,14492,0.3145539906103286
14730,12266,0.3142857142857143
14771,10721,0.3142857142857143
14679,14771,0.31376975169300225
13303,13931,0.3137254901960784
11298,10721,0.3134920634920635
10821,13204,0.3131868131868132
11292,10423,0.3130434782608696
12264,14057,0.3125
13244,15304,0.3125
14492,11292,0.3125
12173,13930,0.3125
12266,14027,0.3125
14027,14843,0.3125
12339,11618,0.3125
12264,10140,0.3125
10721,13244,0.3125
12953,11057,0.3116883116883117
12264,12266,0.31092436974789917
12889,13796,0.3105263157894737
12953,11278,0.3104693140794224
13232,14492,0.3103448275862069
10721,14027,0.3103448275862069
14843,10821,0.3103448275862069
13930,14771,0.31019522776572667
15016,11259,0.31016042780748665
11298,13891,0.30952380952380953
14524,12266,0.30952380952380953
11298,10821,0.30935251798561153
11298,12953,0.30824372759856633
10423,14747,0.3076923076923077
13198,14057,0.3076923076923077
14100,14843,0.3076923076923077
14869,11618,0.3076923076923077
10721,14635,0.3076923076923077
11057,12953,0.30727762803234504
11298,11618,0.30726256983240224
11057,13930,0.30673316708229426
13930,12478,0.30666666666666664
11433,11042,0.30612244897959184
11066,13930,0.30597014925373134
11618,13198,0.3058823529411765
11298,14771,0.3057142857142857
10821,13232,0.3053435114503817
11618,12266,0.305019305019305
10693,14107,0.30434782608695654
14747,13303,0.30434782608695654
13495,14107,0.30434782608695654
11433,13930,0.30434782608695654
14771,14683,0.30357142857142855
13244,12266,0.30357142857142855
12892,12191,0.30303030303030304
11298,14057,0.3023255813953488
10140,14747,0.3023255813953488
13931,12264,0.30120481927710846
11278,13930,0.3007518796992481
11278,12953,0.3007246376811594
12892,10423,0.3006535947712418
13930,12266,0.3002832861189802
14100,12892,0.3
14122,11618,0.3
12953,10792,0.3
14843,14027,0.3
11042,14057,0.3
10693,12953,0.3
13303,10721,0.3
10140,14771,0.3
12191,12892,0.3
11298,10299,0.3
12953,13931,0.3
12264,13851,0.3
13342,11697,0.3
11433,14100,0.2994350282485876
12266,12953,0.2994011976047904
11298,15376,0.29927007299270075
13232,15016,0.29896907216494845
13930,14524,0.2987012987012987
11057,14679,0.2982456140350877
12478,14057,0.2982456140350877
10397,13930,0.2980132450331126
10397,12478,0.2978723404255319
14492,11618,0.2976190476190476
10821,14635,0.2976190476190476
12191,15304,0.2972972972972973
13303,11292,0.2972972972972973
11298,11193,0.2972972972972973
14122,12953,0.2962962962962963
14107,13303,0.2962962962962963
11298,10140,0.2962962962962963
13930,12953,0.2959558823529412
10821,15304,0.29577464788732394
10693,15016,0.29545454545454547
10423,14771,0.2953020134228188
13930,10721,0.2953020134228188
11618,13487,0.2949640287769784
14107,12478,0.29473684210526313
11193,13930,0.29449838187702265
11298,11278,0.29439252336448596
15016,12953,0.29411764705882354
14747,12264,0.29411764705882354
12191,14492,0.29411764705882354
14492,12191,0.29411764705882354
11298,14100,0.29411764705882354
13204,14683,0.29411764705882354
13796,12264,0.29411764705882354
11292,10693,0.29411764705882354
15304,14843,0.29333333333333333
11292,13871,0.29333333333333333
13487,11618,0.2932330827067669
14747,14771,0.29314420803782504
12953,12264,0.29310344827586204
12191,14679,0.29310344827586204
11298,13342,0.29292929292929293
13232,11057,0.2926829268292683
14747,13232,0.2926829268292683
10821,11066,0.29245283018867924
11298,14683,0.292358803986711
12889,13891,0.2920353982300885
11618,13244,0.2916666666666667
14679,11278,0.2916666666666667
11618,14869,0.2916666666666667
13232,14122,0.2912621359223301
14492,12478,0.291044776119403
11298,13198,0.2909090909090909
14843,12478,0.2907801418439716
11618,11193,0.2905405405405405
11697,14107,0.2903225806451613
14730,11042,0.2903225806451613
11292,13198,0.29017857142857145
13232,14307,0.2898550724637681
14683,12892,0.2897196261682243
11298,14679,0.2896174863387978
11433,13851,0.2894736842105263
11298,12889,0.28936170212765955
14771,12892,0.2891809908998989
11618,13930,0.2891246684350133
12266,13871,0.28888888888888886
12889,15304,0.28888888888888886
14843,14100,0.28846153846153844
13232,10721,0.2882882882882883
10721,11697,0.2882882882882883
12478,14492,0.28780487804878047
11292,11618,0.2875816993464052
10721,14107,0.28735632183908044
12266,11193,0.2871287128712871
13930,11292,0.2870662460567823
14107,11618,0.2866666666666667
11618,14771,0.28651685393258425
13930,13871,0.28640776699029125
14771,13198,0.2857142857142857
12478,10693,0.2857142857142857
13931,13930,0.2857142857142857
10792,12953,0.2857142857142857
13244,13851,0.2857142857142857
14747,12191,0.2857142857142857
10721,15016,0.2857142857142857
11298,12191,0.2857142857142857
12339,11697,0.2857142857142857
13198,10721,0.2857142857142857
13198,13796,0.2857142857142857
14683,13487,0.2857142857142857
13244,12339,0.2857142857142857
14869,12478,0.2857142857142857
10299,10397,0.2857142857142857
13232,13244,0.2857142857142857
12451,10821,0.2857142857142857
12339,12953,0.2857142857142857
12953,11697,0.28515625
12266,14100,0.2847222222222222
11292,11433,0.2847222222222222
11618,13232,0.2845528455284553
11292,13342,0.28448275862068967
10821,13931,0.2840909090909091
12889,14679,0.2838983050847458
13930,11057,0.2837528604118993
13930,12892,0.28354978354978355
13198,11433,0.2833333333333333
11433,12266,0.28313253012048195
14730,11618,0.2830188679245283
12892,13851,0.2826086956521739
11057,12889,0.2826086956521739
14679,12889,0.2826086956521739
14893,10397,0.2826086956521739
12478,12191,0.2826086956521739
11697,11618,0.2822966507177033
14100,11292,0.28187919463087246
13232,11697,0.28169014084507044
11066,12953,0.2815533980582524
14100,15304,0.2814814814814815
10821,11292,0.2814814814814815
13930,14307,0.28125
14730,11433,0.28125
14771,14100,0.2810810810810811
11057,12478,0.2807017543859649
10397,12953,0.2806451612903226
13232,12191,0.2805755395683453
14122,14100,0.2804878048780488
11298,10423,0.28027681660899656
14122,13930,0.2801724137931034
13930,12451,0.28
13931,13204,0.28
14100,11278,0.28
11298,14843,0.28
14771,14122,0.28
12892,12264,0.2796934865900383
12478,14027,0.2796610169491525
11292,13851,0.2792207792207792
11042,13930,0.27873563218390807
11292,10140,0.27848101265822783
12478,11278,0.27807486631016043
13930,15016,0.2777777777777778
15016,14771,0.2777777777777778
14771,13303,0.2777777777777778
11042,11618,0.2777777777777778
12953,11292,0.2777777777777778
10821,13495,0.2777777777777778
11292,14683,0.2777777777777778
11057,12892,0.2767857142857143
10721,14771,0.2766798418972332
13930,11433,0.2766439909297052
12478,11292,0.2765957446808511
10821,14027,0.2765957446808511
14107,13232,0.27631578947368424
11292,14869,0.2760084925690021
11618,10529,0.27586206896551724
14679,12191,0.27586206896551724
11618,13495,0.27586206896551724
10397,12892,0.27586206896551724
14100,14683,0.27586206896551724
10821,14843,0.27586206896551724
12478,13204,0.27575757575757576
10721,13204,0.2755102040816326
13930,11193,0.27531645569620256
11298,15304,0.2751677852348993
12266,14524,0.275
11697,10693,0.275
11298,14027,0.275
14100,14771,0.27485380116959063
11298,14831,0.27472527472527475
12451,12266,0.27450980392156865
10821,12892,0.27450980392156865
10721,12889,0.27450980392156865
10721,12478,0.27414330218068533
11618,11697,0.2737430167597765
12191,11298,0.2736318407960199
14843,11697,0.2732919254658385
10397,10423,0.27325581395348836
13930,13342,0.27309236947791166
13851,13244,0.2727272727272727
10397,13871,0.2727272727272727
12451,14843,0.2727272727272727
13342,14771,0.2727272727272727
13930,10821,0.2727272727272727
13930,14869,0.2727272727272727
12339,13930,0.2727272727272727
14524,13930,0.2727272727272727
11618,13871,0.2727272727272727
13871,13244,0.2727272727272727
13487,14307,0.2727272727272727
12892,10721,0.2723404255319149
11292,12892,0.2719836400817996
14771,14679,0.271689497716895
10821,10792,0.2716049382716049
11298,14107,0.271523178807947
10821,10397,0.27122641509433965
12892,11292,0.2708333333333333
11298,14524,0.2708333333333333
12451,12191,0.2708333333333333
14869,14771,0.2706766917293233
12264,11433,0.2706766917293233
12953,11042,0.27049180327868855
11292,13232,0.27037037037037037
11066,13303,0.2702702702702703
14679,14570,0.2702702702702703
11057,12264,0.27014218009478674
14027,12478,0.27
14771,12264,0.26996197718631176
12892,14100,0.26993865030674846
11298,13204,0.26991150442477874
12953,15304,0.2698412698412698
14100,14679,0.2692307692307692
12953,13198,0.2692307692307692
13930,15376,0.2692307692307692
15304,12478,0.2692307692307692
11618,15304,0.2689075630252101
13930,11278,0.26865671641791045
11057,10721,0.26859504132231404
12266,15376,0.2682926829268293
12191,13204,0.2682926829268293
14869,13232,0.2682926829268293
13851,13930,0.2677165354330709
10821,13198,0.2676056338028169
13487,13930,0.2675
13891,11292,0.26744186046511625
12953,13204,0.2672413793103448
12889,13232,0.26666666666666666
10423,11618,0.26666666666666666
13198,13204,0.26666666666666666
15016,14100,0.26666666666666666
14122,11697,0.26666666666666666
13244,14107,0.26666666666666666
10423,14100,0.26666666666666666
13232,11292,0.2663755458515284
13204,14307,0.2662337662337662
12478,10397,0.26605504587155965
10800,11292,0.26605504587155965
13232,12264,0.26605504587155965
12191,10821,0.26582278481012656
13796,11292,0.26582278481012656
12478,12451,0.265625
11193,14122,0.2653061224489796
13796,12191,0.2653061224489796
11697,12953,0.2651162790697674
12478,14679,0.2647058823529412
10821,14122,0.2647058823529412
12191,12478,0.2647058823529412
11259,13198,0.2647058823529412
15304,10529,0.2647058823529412
12451,13931,0.2647058823529412
13930,15304,0.2644628099173554
11298,12339,0.26436781609195403
12191,11618,0.2641509433962264
12892,13232,0.264
13303,11278,0.26380368098159507
12266,13244,0.26373626373626374
13244,11433,0.26373626373626374
14027,10821,0.2631578947368421
14831,13232,0.2631578947368421
12266,12173,0.2631578947368421
14771,14869,0.2631578947368421
11697,10792,0.2631578947368421
10529,14843,0.2631578947368421
11042,11433,0.2631578947368421
13204,10140,0.2631578947368421
11298,11697,0.2627118644067797
14057,14771,0.2626582278481013
10721,13930,0.26262626262626265
11298,14122,0.26262626262626265
14100,11193,0.2625
10821,13342,0.26229508196721313
14771,12478,0.26200873362445415
13796,12892,0.2619718309859155
14679,12478,0.2616822429906542
14635,10821,0.26153846153846155
10693,12451,0.26153846153846155
11618,11292,0.26136363636363635
14747,10721,0.26136363636363635
14679,13796,0.2610619469026549
11697,13232,0.2608695652173913
11618,10792,0.2608695652173913
14307,13930,0.2608695652173913
14730,11292,0.2608695652173913
10821,12889,0.2608695652173913
14730,10397,0.2608695652173913
12339,12264,0.26
10721,11292,0.2597402597402597
11433,13931,0.2597402597402597
11278,10693,0.25961538461538464
12889,14570,0.25943396226415094
11298,13930,0.2593320235756385
10821,14771,0.25925925925925924
12266,11259,0.25925925925925924
13232,13495,0.25925925925925924
11292,11278,0.25925925925925924
12266,11298,0.25914634146341464
13487,13232,0.25906735751295334
10821,10721,0.25903614457831325
13487,12953,0.25882352941176473
10423,11292,0.25874125874125875
12892,11618,0.2586750788643533
14107,12191,0.25842696629213485
13198,12953,0.25806451612903225
15016,13342,0.25806451612903225
14730,15016,0.25806451612903225
13232,13851,0.25806451612903225
12892,13930,0.2578125
13796,14679,0.2572614107883817
12478,11697,0.2571428571428571
14100,13244,0.2571428571428571
12266,12451,0.25675675675675674
10721,11618,0.2565789473684211
13198,15304,0.2564102564102564
10821,14679,0.2564102564102564
12264,14683,0.2564102564102564
11433,14122,0.25609756097560976
12889,13851,0.2558139534883721
12264,11042,0.2558139534883721
10423,14831,0.2558139534883721
10821,14100,0.2558139534883721
15304,14100,0.2556390977443609
11057,14683,0.2553191489361702
12264,14524,0.2553191489361702
11193,13303,0.2553191489361702
10693,13930,0.25524475524475526
10821,14107,0.25510204081632654
14771,12889,0.2550607287449393
11298,13871,0.2549019607843137
13198,14771,0.2549019607843137
11193,10821,0.2549019607843137
14100,10397,0.25476190476190474
11057,11298,0.2546583850931677
13342,10821,0.2545454545454545
14771,11292,0.2545454545454545
14635,11298,0.2545454545454545
12953,13930,0.2545126353790614
12478,11433,0.2542372881355932
12889,12478,0.2540983606557377
13204,13342,0.25396825396825395
14771,11298,0.2536873156342183
12892,10821,0.2535211267605634
13487,14771,0.2535211267605634
12191,11259,0.25349301397205587
12478,14843,0.2534246575342466
12266,13198,0.25333333333333335
12478,10423,0.25301204819277107
12191,12889,0.25287356321839083
13930,14679,0.25287356321839083
13232,13204,0.25287356321839083
11618,12264,0.25274725274725274
10529,13930,0.25257731958762886
11697,11298,0.25225225225225223
10693,12266,0.25225225225225223
11292,11298,0.2521489971346705
11298,12264,0.2517482517482518
11259,10140,0.25146198830409355
13871,13930,0.25136612021857924
12478,15304,0.25136612021857924
11292,12889,0.25132275132275134
12264,11292,0.2513089005235602
13342,11057,0.25
13487,12478,0.25
13487,12451,0.25
11618,14307,0.25
13342,11298,0.25
13931,12266,0.25
11618,14679,0.25
13930,14683,0.25
12264,14122,0.25
13303,14730,0.25
10423,14057,0.25
14843,12451,0.25
13495,12264,0.25
14747,11057,0.25
10693,13931,0.25
13303,14122,0.25
12478,14893,0.25
13303,14100,0.25
12173,12264,0.25
13487,12264,0.25
13303,11066,0.25
12954,14771,0.25
11292,14831,0.25
11042,13198,0.25
13830,14771,0.25
14730,13930,0.25
11292,14107,0.25
15376,13930,0.25
11042,11298,0.25
11259,10423,0.25
13232,10821,0.25
11292,12191,0.25
10397,10299,0.25
11278,12892,0.25
15304,14683,0.25
11193,14747,0.25
10140,12478,0.25
14107,13930,0.2490272373540856
13232,13487,0.24875621890547264
14100,13930,0.24873096446700507
10821,14492,0.2485207100591716
11278,14492,0.24817518248175183
11697,14843,0.24812030075187969
13303,12953,0.2479108635097493
14100,13303,0.24786324786324787
11259,10397,0.24770642201834864
11298,11042,0.24761904761904763
11618,11042,0.24742268041237114
11193,12266,0.24742268041237114
12266,12339,0.24742268041237114
14771,13930,0.24742268041237114
12889,14908,0.24705882352941178
14831,13891,0.24705882352941178
10693,14492,0.24691358024691357
11298,12892,0.24660194174757283
11298,14869,0.24615384615384617
14635,10721,0.24615384615384617
11057,13303,0.24596774193548387
12478,14771,0.24531835205992508
13930,12264,0.24516129032258063
12889,12191,0.24509803921568626
11193,11057,0.24509803921568626
15016,11292,0.24503311258278146
11278,14771,0.24489795918367346
12264,10423,0.24489795918367346
13796,14057,0.24489795918367346
13198,13930,0.24482758620689654
14730,11298,0.24468085106382978
13198,11259,0.24456521739130435
13342,15304,0.24444444444444444
14027,12266,0.24444444444444444
14492,14100,0.2441860465116279
10397,14679,0.24390243902439024
12478,14107,0.24390243902439024
11292,15016,0.24375
13232,10693,0.24358974358974358
13204,11618,0.24344569288389514
14869,11057,0.24324324324324326
13851,14107,0.24324324324324326
11298,11292,0.24316939890710382
11057,14307,0.24299065420560748
13930,12339,0.24299065420560748
10693,12264,0.24285714285714285
12264,12892,0.2427536231884058
10792,11697,0.24242424242424243
10721,12451,0.24242424242424243
12478,14869,0.24193548387096775
13487,11292,0.24188790560471976
11278,12478,0.24175824175824176
11292,14057,0.24152542372881355
12266,14771,0.2413793103448276
11292,10397,0.2413793103448276
12889,10693,0.2413793103448276
13204,11066,0.2413793103448276
11433,12953,0.24115755627009647
11433,12264,0.24113475177304963
14831,14057,0.24107142857142858
14122,11433,0.24074074074074073
10423,10821,0.24074074074074073
12266,11433,0.24074074074074073
12953,15016,0.24074074074074073
11057,14524,0.24031007751937986
13930,13244,0.24
14122,13303,0.24
13796,13232,0.24
13930,11697,0.24
12264,12954,0.24
12889,10529,0.24
14107,14100,0.23972602739726026
11042,13232,0.23943661971830985
13930,14492,0.2392638036809816
13198,12264,0.2391304347826087
14771,10800,0.23893805309734514
14100,12889,0.23893805309734514
13930,12889,0.23880597014925373
11292,13487,0.23876404494382023
14908,13796,0.23870967741935484
15016,12892,0.23853211009174313
13495,11259,0.23841059602649006
13198,12339,0.23809523809523808
13232,11066,0.23809523809523808
15304,15016,0.23809523809523808
12266,12478,0.23809523809523808
10423,11697,0.23809523809523808
10693,14869,0.23809523809523808
14635,12478,0.23809523809523808
13487,10140,0.23809523809523808
11057,14730,0.23809523809523808
13487,12266,0.23809523809523808
13303,12478,0.23783783783783785
12266,13487,0.23776223776223776
11433,13232,0.2374429223744292
12953,10721,0.23741007194244604
13204,14843,0.23737373737373738
14100,12266,0.23717948717948717
13851,11259,0.23711340206185566
14771,11618,0.23699421965317918
14679,11292,0.23694779116465864
12339,13303,0.23684210526315788
11066,10693,0.23684210526315788
14843,10721,0.23684210526315788
15016,13851,0.23684210526315788
14492,10821,0.23668639053254437
15304,11618,0.2366412213740458
14107,13796,0.23645320197044334
13303,14492,0.23636363636363636
14843,11618,0.23636363636363636
14100,13232,0.23622047244094488
12191,13495,0.23618090452261306
14679,13232,0.2361111111111111
10721,12264,0.2358974358974359
11057,14107,0.23557692307692307
13198,13851,0.23529411764705882
14100,11298,0.23529411764705882
13232,15304,0.23529411764705882
11618,14683,0.23529411764705882
12173,12478,0.23529411764705882
14107,10721,0.23529411764705882
14122,12478,0.23529411764705882
13487,14492,0.23529411764705882
13342,13930,0.23504273504273504
11057,12266,0.23481781376518218
11298,11066,0.23469387755102042
14747,14100,0.23469387755102042
10693,13232,0.23448275862068965
13204,13198,0.234375
12264,10792,0.23404255319148937
10821,10140,0.23404255319148937
13851,11292,0.23391812865497075
13931,11433,0.23376623376623376
13204,11278,0.2336448598130841
11697,11278,0.2336448598130841
12266,12892,0.23353293413173654
14771,13891,0.23333333333333334
13303,15016,0.23333333333333334
11292,11066,0.23333333333333334
13244,13930,0.2331288343558282
11618,11433,0.23295454545454544
13487,10529,0.2328767123287671
11298,13495,0.2328767123287671
13871,12266,0.23275862068965517
14679,14831,0.23267326732673269
11298,12451,0.23255813953488372
11298,14492,0.23232323232323232
13487,14100,0.23225806451612904
11278,12266,0.23225806451612904
10423,11259,0.23222748815165878
13204,13930,0.23204419889502761
10792,13930,0.232
13303,10397,0.23195876288659795
13930,11298,0.23191489361702128
10821,12339,0.2318840579710145
11278,11292,0.2318840579710145
12478,12889,0.23170731707317074
11618,14747,0.23140495867768596
11618,11057,0.23102310231023102
10792,12264,0.23076923076923078
12892,14683,0.23076923076923078
14747,13198,0.23076923076923078
11697,12451,0.23076923076923078
10397,14730,0.23076923076923078
13487,13931,0.23076923076923078
13930,14908,0.23076923076923078
13204,12339,0.23076923076923078
10529,14100,0.23076923076923078
10721,11298,0.23043478260869565
10821,11697,0.23043478260869565
14100,11057,0.23036649214659685
14027,11618,0.23015873015873015
11298,13244,0.23015873015873015
11057,10529,0.23008849557522124
13204,10792,0.23008849557522124
14771,14908,0.22988505747126436
13851,12191,0.22988505747126436
13495,11298,0.22981366459627328
14771,14107,0.2297734627831715
12478,10792,0.22972972972972974
14635,11618,0.22972972972972974
13232,11042,0.22950819672131148
14107,11292,0.22929936305732485
13930,13487,0.22926829268292684
11697,12191,0.22916666666666666
13232,13931,0.22916666666666666
10693,10721,0.22916666666666666
11292,14100,0.22900763358778625
10397,14771,0.22872340425531915
12339,11433,0.22857142857142856
12953,14524,0.22857142857142856
13204,14869,0.22857142857142856
13232,13871,0.22857142857142856
11433,13495,0.22857142857142856
11697,12478,0.22857142857142856
11298,11057,0.22807017543859648
14869,13930,0.22784810126582278
13851,12892,0.22784810126582278
10397,11292,0.2277580071174377
11057,11697,0.2275449101796407
14107,13891,0.22746781115879827
15304,12892,0.22727272727272727
11433,10529,0.22727272727272727
13303,14524,0.22727272727272727
10721,13232,0.22727272727272727
14107,14730,0.22727272727272727
11292,11697,0.22727272727272727
13244,11278,0.22727272727272727
13303,12892,0.2268041237113402
12889,11292,0.2268041237113402
12478,12892,0.22664624808575803
11057,10397,0.22660098522167488
10693,12889,0.22641509433962265
10721,12892,0.22641509433962265
11618,12892,0.22615803814713897
12892,10140,0.22598870056497175
11298,10397,0.22580645161290322
14492,12264,0.22580645161290322
14107,10821,0.22580645161290322
14771,15376,0.22580645161290322
13930,12173,0.22580645161290322
12266,13930,0.22572178477690288
11433,11298,0.22564102564102564
12889,10140,0.22522522522522523
11292,13495,0.22522522522522523
12264,14771,0.22519083969465647
10397,15376,0.225
15016,13495,0.225
11292,11057,0.225
13204,10821,0.22477064220183487
11298,13303,0.22439024390243903
11298,10693,0.22435897435897437
14843,11057,0.22413793103448276
15304,13303,0.224
15304,12191,0.22388059701492538
11618,10693,0.22377622377622378
14100,13204,0.2236842105263158
13198,11292,0.2233502538071066
12266,13851,0.2230769230769231
13930,14057,0.2229299363057325
12266,14570,0.2222222222222222
13303,11042,0.2222222222222222
13244,10693,0.2222222222222222
14307,11292,0.2222222222222222
13204,12889,0.2222222222222222
12266,10299,0.2222222222222222
12889,11042,0.2222222222222222
14679,15016,0.2222222222222222
13232,13198,0.2222222222222222
13931,12953,0.2222222222222222
14027,10529,0.2222222222222222
11697,12339,0.2222222222222222
13342,10721,0.2222222222222222
13495,13198,0.2222222222222222
12191,14683,0.2222222222222222
14679,10693,0.2222222222222222
13931,12451,0.2222222222222222
13204,11292,0.22162162162162163
10140,11292,0.22162162162162163
11433,11193,0.22142857142857142
11433,11292,0.22137404580152673
12191,13232,0.22137404580152673
14908,11292,0.22119815668202766
14107,10423,0.22099447513812154
14843,15304,0.22093023255813954
12889,13198,0.22077922077922077
12889,14107,0.22074468085106383
10529,13232,0.22058823529411764
13891,11298,0.22058823529411764
11066,11618,0.22058823529411764
13204,12892,0.2204724409448819
11298,14908,0.22043010752688172
14027,10721,0.22033898305084745
13796,14107,0.22009569377990432
15016,10721,0.22
13244,12953,0.22
12889,14122,0.22
13930,13303,0.21962616822429906
10397,14100,0.21957671957671956
10299,11292,0.21951219512195122
11057,14843,0.21951219512195122
12266,11618,0.21940928270042195
12892,13796,0.21929824561403508
12892,12266,0.21929824561403508
13796,13891,0.2191780821917808
12889,13342,0.2191780821917808
11278,11697,0.21904761904761905
11292,14679,0.21888412017167383
15304,10721,0.21875
13303,13930,0.21875
10693,10423,0.21875
11298,12266,0.21839080459770116
13487,13342,0.21839080459770116
13244,11193,0.21818181818181817
14100,12953,0.21818181818181817
11697,10529,0.21818181818181817
12953,13495,0.21818181818181817
12451,11298,0.21794871794871795
13303,11057,0.2178988326848249
14747,14893,0.21764705882352942
13495,15304,0.21739130434782608
14057,10721,0.21739130434782608
14057,11278,0.21739130434782608
10529,14027,0.21739130434782608
11697,13487,0.21739130434782608
11697,11042,0.21739130434782608
11618,14027,0.2169811320754717
12451,13930,0.21686746987951808
13303,12889,0.21686746987951808
12264,10721,0.21678321678321677
10140,13796,0.21666666666666667
14107,13198,0.21666666666666667
11298,10529,0.21666666666666667
14747,12478,0.21666666666666667
11042,13342,0.21666666666666667
11697,10821,0.21649484536082475
14747,13930,0.21646341463414634
11057,11433,0.21645021645021645
14122,14107,0.21621621621621623
12264,12451,0.21621621621621623
10821,12451,0.21621621621621623
14683,13204,0.21621621621621623
11697,14100,0.21621621621621623
14869,11292,0.21579961464354527
12953,13232,0.21568627450980393
13487,14683,0.21568627450980393
14730,11057,0.21568627450980393
12892,12478,0.2155887230514096
14771,11057,0.21551724137931033
12191,10423,0.21551724137931033
12266,11278,0.2152777777777778
13232,11433,0.21524663677130046
12892,12889,0.21522693997071743
12889,12892,0.2148997134670487
12889,14100,0.21487603305785125
14492,13930,0.21476510067114093
14100,11433,0.21476510067114093
15016,13930,0.21468926553672316
10397,13931,0.2146341463414634
12264,14843,0.21428571428571427
12954,10721,0.21428571428571427
10397,13851,0.21428571428571427
14027,11298,0.21428571428571427
11278,14057,0.21428571428571427
13303,14107,0.21428571428571427
14122,11292,0.21428571428571427
12478,10721,0.2140845070422535
10423,13930,0.21333333333333335
11292,14747,0.21306818181818182
12339,12478,0.2127659574468085
14747,12173,0.2127659574468085
14570,12889,0.21224489795918366
14307,13232,0.21212121212121213
12266,10693,0.211864406779661
12173,11298,0.21153846153846154
11292,10800,0.21153846153846154
11193,10529,0.21153846153846154
10140,12191,0.2112676056338028
14771,14057,0.2111111111111111
13342,11292,0.2108843537414966
11433,10721,0.21052631578947367
12173,14893,0.21052631578947367
14307,14100,0.21052631578947367
14771,10140,0.21052631578947367
10140,13198,0.21052631578947367
11298,14635,0.21052631578947367
11057,13244,0.21019108280254778
11292,15376,0.21008403361344538
13495,11618,0.20987654320987653
13487,14057,0.20987654320987653
13796,14747,0.20982142857142858
14747,11618,0.20967741935483872
11057,13204,0.20952380952380953
13198,13232,0.20952380952380953
14100,10721,0.20945945945945946
12266,10397,0.20938628158844766
11298,13931,0.20930232558139536
13487,15016,0.20930232558139536
11057,11193,0.20930232558139536
14100,13495,0.20930232558139536
12191,13198,0.20930232558139536
11042,14524,0.20930232558139536
13930,14107,0.20912547528517111
14100,14107,0.2088607594936709
12889,10800,0.20851063829787234
14730,13487,0.20833333333333334
13830,14057,0.20833333333333334
13204,15016,0.20833333333333334
12953,13244,0.20833333333333334
13303,10529,0.20833333333333334
10721,12954,0.20833333333333334
12264,11298,0.20833333333333334
14107,11298,0.20833333333333334
14771,11278,0.20833333333333334
10529,11618,0.20833333333333334
15304,11066,0.20833333333333334
12264,14869,0.20833333333333334
10721,10821,0.2080745341614907
11057,14635,0.2079207920792079
13232,14635,0.2077922077922078
10693,13198,0.2077922077922078
14679,14893,0.20772946859903382
15016,13232,0.20754716981132076
10821,12266,0.20754716981132076
11298,13851,0.2074468085106383
14679,11618,0.2073170731707317
11298,11433,0.20725388601036268
12889,13930,0.20725388601036268
10693,10397,0.20725388601036268
12889,14893,0.20714285714285716
10140,14679,0.20689655172413793
13204,14730,0.20689655172413793
11259,14683,0.20689655172413793
13198,12266,0.20689655172413793
12264,13232,0.20689655172413793
13204,12953,0.20675105485232068
11057,10821,0.20657276995305165
15376,12889,0.20652173913043478
14492,13487,0.20634920634920634
14100,14027,0.20634920634920634
10821,10693,0.20610687022900764
13244,13198,0.20588235294117646
13204,12191,0.20588235294117646
11433,15016,0.20512820512820512
13198,13487,0.20512820512820512
11259,12191,0.20512820512820512
14679,10423,0.20512820512820512
14524,12953,0.20512820512820512
10140,12889,0.20491803278688525
13891,14831,0.20491803278688525
10821,13930,0.20454545454545456
11057,14869,0.20454545454545456
14679,10821,0.20454545454545456
11278,15304,0.20437956204379562
10693,12892,0.20430107526881722
13830,14747,0.20408163265306123
11278,11057,0.20382165605095542
13871,11292,0.20382165605095542
11292,13204,0.2037037037037037
14843,13204,0.2033898305084746
14831,12892,0.2030360531309298
13303,15304,0.20300751879699247
11292,14908,0.2028301886792453
13796,10800,0.20279720279720279
14747,11298,0.20276497695852536
10693,15304,0.20270270270270271
13342,13204,0.20270270270270271
14908,13930,0.20261437908496732
12953,11433,0.20261437908496732
10397,14027,0.20253164556962025
11618,12339,0.20253164556962025
13495,13204,0.20224719101123595
11042,10821,0.20192307692307693
11697,15304,0.20192307692307693
13232,10397,0.20180722891566266
13851,12266,0.20168067226890757
11057,13931,0.20168067226890757
14107,14908,0.20152091254752852
10721,12953,0.20149253731343283
11292,12266,0.20134228187919462
14679,13930,0.2012987012987013
12889,14057,0.20121951219512196
15304,11057,0.20118343195266272
12892,14893,0.2010178117048346
11278,11298,0.20095693779904306
10397,13232,0.20058997050147492
13232,14908,0.2
13198,13244,0.2
10721,13342,0.2
11292,13244,0.2
14730,13303,0.2
15016,14683,0.2
11433,14307,0.2
11057,15016,0.2
11193,14771,0.2
14683,14747,0.2
15016,14679,0.2
15016,14730,0.2
14107,13830,0.2
14635,14122,0.2
11042,10423,0.2
10792,12478,0.2
11259,13495,0.2
13851,12889,0.2
11298,14893,0.2
11066,11292,0.2
11193,12451,0.2
13830,11298,0.2
14683,14100,0.2
13931,15304,0.2
15304,10792,0.2
10693,13495,0.2
10721,10693,0.2
12953,12266,0.2
14492,10529,0.2
10423,11057,0.2
12339,13204,0.2
11042,12478,0.2
13342,13198,0.2
12339,12889,0.2
12264,13495,0.2
12264,11193,0.2
13342,15016,0.2
14831,10721,0.2
12339,11298,0.2
13931,13232,0.2
10397,14524,0.1992619926199262
10397,14683,0.19911504424778761
11292,12264,0.19895287958115182
12953,11298,0.19863013698630136
14771,14747,0.1985981308411215
12889,14747,0.19858156028368795
11057,10693,0.19852941176470587
12339,11292,0.1984732824427481
13204,10397,0.19814814814814816
14100,14492,0.19801980198019803
11433,14524,0.1978021978021978
10693,11278,0.1978021978021978
12953,13342,0.1978021978021978
13342,12953,0.19767441860465115
10397,11697,0.19759036144578312
14524,11433,0.19753086419753085
12264,10397,0.19736842105263158
11433,13244,0.19736842105263158
13204,12266,0.19718309859154928
15304,14107,0.19718309859154928
11193,14100,0.19696969696969696
11057,14747,0.19696969696969696
12478,14635,0.19696969696969696
11697,14771,0.19672131147540983
14107,11066,0.19672131147540983
13244,11298,0.19672131147540983
10397,14107,0.19665271966527198
14679,15376,0.19642857142857142
13871,11057,0.19642857142857142
13303,12266,0.19631901840490798
13930,14635,0.19607843137254902
11066,10821,0.1958762886597938
14869,13204,0.1956521739130435
12266,14893,0.1956521739130435
12953,14027,0.1956521739130435
10397,13204,0.19556451612903225
13198,15016,0.19540229885057472
10140,11298,0.19540229885057472
14100,14122,0.1951219512195122
14100,10821,0.1951219512195122
14635,12266,0.1951219512195122
10721,13303,0.1951219512195122
14679,14683,0.1951219512195122
10693,14100,0.1951219512195122
14492,12266,0.1951219512195122
12264,13198,0.1951219512195122
13204,10721,0.195
14524,11298,0.19444444444444445
13342,11042,0.19444444444444445
11193,14869,0.19444444444444445
14492,13244,0.19444444444444445
10397,12889,0.19433198380566802
13204,10529,0.1941747572815534
11433,13198,0.19402985074626866
15304,10693,0.19402985074626866
12892,11697,0.19387755102040816
15016,13303,0.1935483870967742
13198,11057,0.1935483870967742
12173,13796,0.1935483870967742
11618,14122,0.1935483870967742
10397,12451,0.19298245614035087
14747,11292,0.19273743016759776
15016,10821,0.1926605504587156
10529,13204,0.19230769230769232
12266,11292,0.19230769230769232
10299,14107,0.19230769230769232
10397,11057,0.19230769230769232
11298,14747,0.1921182266009852
12954,12889,0.19148936170212766
13891,14893,0.19135802469135801
12892,14107,0.19133574007220217
11433,13487,0.1912568306010929
14679,10140,0.19117647058823528
13871,11298,0.19090909090909092
11433,10792,0.19090909090909092
14107,10140,0.19063545150501673
14057,11292,0.19047619047619047
12889,14683,0.19047619047619047
14122,10821,0.19047619047619047
11066,10397,0.19047619047619047
15304,10821,0.19047619047619047
10397,14831,0.19047619047619047
13930,14893,0.19047619047619047
15016,15304,0.19047619047619047
10721,10397,0.19047619047619047
14683,14771,0.19047619047619047
12191,14122,0.19047619047619047
13198,12892,0.19047619047619047
10792,13204,0.19047619047619047
12173,14831,0.19047619047619047
13303,13244,0.19047619047619047
13495,12478,0.19047619047619047
14730,12889,0.19047619047619047
14683,11259,0.18992248062015504
10397,13303,0.1897810218978102
14122,13232,0.1896551724137931
10397,14635,0.18951612903225806
10397,12264,0.18951612903225806
14570,12892,0.18947368421052632
11066,13232,0.1893939393939394
14831,13930,0.1891891891891892
10397,14843,0.1891891891891892
10721,11042,0.1891891891891892
12266,12264,0.1889763779527559
14307,11057,0.18888888888888888
14730,13232,0.18888888888888888
11697,13495,0.18867924528301888
13930,14747,0.18855218855218855
14107,15016,0.1885245901639344
10397,14057,0.18840579710144928
12339,14107,0.18823529411764706
13204,14107,0.18823529411764706
15016,13198,0.18823529411764706
13930,13204,0.1881720430107527
10423,12892,0.18803418803418803
12892,15376,0.18787878787878787
10397,12266,0.18787878787878787
13495,12191,0.1878453038674033
14771,15016,0.1875
13303,10693,0.1875
11298,13487,0.1875
10792,13232,0.1875
12953,11193,0.1875
14524,13303,0.1875
13204,13303,0.1875
15016,14747,0.1875
14771,12954,0.1875
14679,12264,0.1875
10721,13495,0.1875
14843,10397,0.1875
14679,13830,0.1875
13303,14679,0.1875
13244,11057,0.18705035971223022
14107,10397,0.18691588785046728
15016,14107,0.18691588785046728
11292,14570,0.18681318681318682
10693,11042,0.18681318681318682
12889,11298,0.1867704280155642
12892,14570,0.18666666666666668
10397,13342,0.1865671641791045
11433,11057,0.1864406779661017
12889,13204,0.18604651162790697
10423,12264,0.18604651162790697
14831,14679,0.18592964824120603
14492,10693,0.18571428571428572
12266,10423,0.18556701030927836
11697,11433,0.18556701030927836
12889,12954,0.18556701030927836
10397,11066,0.18552036199095023
13796,10423,0.18518518518518517
14122,13244,0.18518518518518517
13487,10721,0.18518518518518517
13487,10792,0.18518518518518517
14683,13244,0.18518518518518517
12266,14492,0.18518518518518517
10423,13204,0.18518518518518517
10792,14107,0.18518518518518517
12266,13303,0.185
11057,14122,0.18497109826589594
13487,11042,0.18493150684931506
14307,11433,0.18493150684931506
11193,13487,0.18493150684931506
12889,11618,0.18487394957983194
13204,14122,0.18478260869565216
10397,15016,0.18473895582329317
11292,14893,0.18452380952380953
12953,13303,0.18429003021148035
14057,11618,0.18421052631578946
13851,15016,0.18421052631578946
13198,14747,0.18421052631578946
10821,13487,0.18421052631578946
12339,12191,0.18421052631578946
14570,11292,0.1839080459770115
11057,15304,0.1839080459770115
12892,15016,0.1836734693877551
14683,14107,0.18354430379746836
12264,15304,0.18333333333333332
14057,10299,0.18333333333333332
13495,12953,0.18333333333333332
10821,14869,0.18333333333333332
13303,11618,0.18309859154929578
11433,13303,0.18309859154929578
12892,13198,0.18309859154929578
12266,14869,0.18309859154929578
11618,14492,0.1827956989247312
12478,13303,0.1827956989247312
12889,14831,0.18232044198895028
14679,11298,0.18232044198895028
13204,11298,0.18226600985221675
12889,11697,0.18181818181818182
11298,12478,0.18181818181818182
13930,10299,0.18181818181818182
14107,14831,0.18181818181818182
14635,15016,0.18181818181818182
11057,14893,0.18181818181818182
10299,12173,0.18181818181818182
13495,10721,0.18181818181818182
11618,14057,0.18181818181818182
14100,11042,0.18181818181818182
13303,10821,0.18181818181818182
11433,10397,0.1815068493150685
12266,14683,0.1813953488372093
10397,10792,0.18115942028985507
11259,13851,0.18085106382978725
10693,12191,0.18055555555555555
12339,10821,0.18055555555555555
14107,12889,0.18045112781954886
15016,13871,0.18032786885245902
12892,10397,0.18021201413427562
14683,12191,0.18
10397,13487,0.17956656346749225
12266,14635,0.1794871794871795
14893,12892,0.1794871794871795
15304,11697,0.1794871794871795
14908,10397,0.1794871794871795
12889,13495,0.1794871794871795
14027,11057,0.1794871794871795
10140,12266,0.1794871794871795
12892,14831,0.17922606924643583
10423,13232,0.1791044776119403
13204,12264,0.17894736842105263
12266,11057,0.17880794701986755
14771,10821,0.17857142857142858
14100,14635,0.17857142857142858
13204,10423,0.17857142857142858
14831,12889,0.17857142857142858
11042,11057,0.17857142857142858
10423,12954,0.17857142857142858
14747,11433,0.17857142857142858
14893,11298,0.17857142857142858
11066,12264,0.17857142857142858
10397,11298,0.17841409691629956
11433,14771,0.1782178217821782
14107,14893,0.1780821917808219
14307,10397,0.1780821917808219
13244,10397,0.17793594306049823
11057,14492,0.17791411042944785
13495,12889,0.17777777777777778
12191,10397,0.17777777777777778
13303,11298,0.17766497461928935
11697,10397,0.17757009345794392
10721,10792,0.17757009345794392
12266,10140,0.17721518987341772
11618,13204,0.17689530685920576
14107,14869,0.1766304347826087
12266,14057,0.17647058823529413
11697,11066,0.17647058823529413
15016,12478,0.17647058823529413
14492,11042,0.17647058823529413
10397,14307,0.17647058823529413
14747,10821,0.17647058823529413
10721,14679,0.17647058823529413
12889,11278,0.17647058823529413
14100,10529,0.17647058823529413
14100,13487,0.17613636363636365
11298,15016,0.1761006289308176
13204,14100,0.1760797342192691
15016,11433,0.176
14107,10800,0.1759656652360515
15016,11298,0.17587939698492464
12339,12266,0.17582417582417584
11259,15016,0.17575757575757575
13487,11066,0.17567567567567569
11057,13487,0.17557251908396945
11278,13487,0.17543859649122806
15304,11278,0.17543859649122806
11193,15016,0.17543859649122806
11618,11298,0.17532467532467533
14524,12264,0.175
14831,14747,0.175
15016,10693,0.175
10721,14869,0.175
10423,11298,0.17465753424657535
14771,12266,0.17452830188679244
10140,11259,0.174496644295302
11057,14027,0.1744186046511628
14107,13871,0.1744186046511628
13495,13303,0.1744186046511628
14679,14107,0.17415730337078653
14908,14831,0.17415730337078653
14492,10721,0.17412935323383086
11618,11066,0.17391304347826086
14869,10299,0.17391304347826086
14635,12339,0.17391304347826086
13198,10821,0.17391304347826086
14122,12892,0.17391304347826086
14771,13495,0.17391304347826086
12264,13487,0.17391304347826086
14683,11292,0.17391304347826086
14100,10693,0.17391304347826086
10693,13487,0.17391304347826086
14869,12266,0.17391304347826086
13487,13495,0.17391304347826086
15304,10397,0.17381489841986456
14107,14679,0.17366946778711484
11278,13303,0.17341040462427745
10792,11057,0.17333333333333334
13303,13204,0.17318435754189945
14747,14107,0.17307692307692307
13204,13232,0.17307692307692307
12954,14893,0.17307692307692307
10397,10821,0.17298578199052134
12266,14679,0.17293233082706766
15376,12892,0.1728395061728395
11433,13871,0.1728395061728395
14057,11298,0.1728395061728395
14747,12266,0.1724137931034483
10693,13204,0.1724137931034483
10821,11298,0.1724137931034483
13891,12266,0.1724137931034483
12889,13303,0.17204301075268819
12889,12339,0.171875
13487,12339,0.171875
12264,14747,0.171875
11618,14107,0.17164179104477612
10821,11057,0.17154811715481172
11618,14843,0.17142857142857143
13244,12892,0.17142857142857143
14307,12264,0.17142857142857143
14107,14122,0.17142857142857143
14771,10299,0.17142857142857143
10721,11057,0.1712962962962963
12889,11433,0.17123287671232876
14893,11292,0.1708542713567839
12889,11057,0.17073170731707318
10693,11066,0.17073170731707318
15016,11066,0.17073170731707318
11292,14730,0.17073170731707318
12266,14107,0.17061611374407584
10423,10397,0.17058823529411765
10397,10721,0.17058823529411765
11618,10721,0.17049180327868851
14869,12892,0.17034700315457413
13303,11193,0.1702127659574468
10397,10140,0.1702127659574468
10140,12892,0.17010309278350516
10397,11278,0.17006802721088435
10800,13796,0.16988416988416988
14107,15304,0.16981132075471697
10693,14683,0.16981132075471697
14027,10397,0.16972477064220184
10721,11278,0.1696969696969697
11433,13342,0.16964285714285715
12264,14307,0.1694915254237288
15016,13204,0.1694915254237288
12264,14679,0.1694915254237288
14869,14107,0.1694915254237288
11697,11292,0.16923076923076924
11697,13930,0.16901408450704225
12954,13796,0.16901408450704225
10721,14100,0.16893732970027248
14893,12889,0.16883116883116883
10397,15304,0.16880341880341881
12451,10693,0.1686746987951807
11697,12892,0.16853932584269662
12191,11292,0.16842105263157894
10721,14492,0.16842105263157894
12889,10821,0.16831683168316833
14771,10397,0.16744186046511628
11278,10397,0.16704805491990846
12264,14492,0.16666666666666666
13796,14570,0.16666666666666666
13342,13487,0.16666666666666666
14747,13342,0.16666666666666666
13871,11433,0.16666666666666666
14057,14570,0.16666666666666666
14843,11298,0.16666666666666666
14683,11433,0.16666666666666666
11618,12889,0.16666666666666666
12953,12451,0.16666666666666666
10140,14057,0.16666666666666666
10721,12266,0.16666666666666666
11618,13303,0.16666666666666666
14747,10693,0.16666666666666666
14831,10397,0.16666666666666666
12478,11057,0.16666666666666666
11042,10792,0.16666666666666666
10423,10693,0.16666666666666666
13487,13244,0.16666666666666666
11259,12266,0.16666666666666666
13204,13495,0.16666666666666666
10529,11697,0.16666666666666666
10529,12892,0.16666666666666666
13851,11618,0.16666666666666666
14307,11042,0.16666666666666666
10693,11292,0.16666666666666666
13303,13495,0.16666666666666666
14771,13232,0.16666666666666666
14027,11042,0.16666666666666666
11697,13244,0.16666666666666666
12889,10397,0.1660377358490566
14524,10397,0.16597510373443983
14107,14057,0.16585365853658537
12892,11298,0.16568047337278108
11278,11433,0.16551724137931034
15304,11298,0.16546762589928057
15376,11292,0.1651376146788991
15016,11278,0.16494845360824742
14107,14683,0.16470588235294117
11066,11298,0.16470588235294117
10721,14122,0.1643835616438356
13487,10423,0.16393442622950818
11042,13487,0.16393442622950818
14747,12892,0.1638655462184874
14747,10397,0.1638418079096045
12892,13830,0.1638418079096045
11278,10721,0.16382978723404254
11618,10423,0.16363636363636364
13495,10397,0.16352201257861634
10397,11193,0.16339869281045752
13204,11433,0.16339869281045752
11278,14107,0.16326530612244897
13487,13204,0.16326530612244897
13487,13871,0.16296296296296298
13303,14843,0.16292134831460675
14771,11042,0.16279069767441862
14747,11278,0.16279069767441862
13891,12889,0.1623931623931624
13487,10693,0.1623931623931624
10423,14679,0.16216216216216217
13851,11298,0.16216216216216217
10529,15304,0.16216216216216217
13204,14524,0.16216216216216217
10721,11193,0.16216216216216217
12451,13303,0.16216216216216217
12892,14869,0.16176470588235295
13198,13495,0.16129032258064516
14100,14869,0.16129032258064516
11193,11697,0.16129032258064516
12892,14122,0.16129032258064516
10693,13303,0.16129032258064516
11042,10693,0.16091954022988506
11057,13495,0.16071428571428573
11042,14771,0.16071428571428573
14771,13204,0.16071428571428573
12889,14869,0.1606425702811245
10397,12339,0.16015625
14683,11057,0.16
14107,14747,0.16
12266,13931,0.16
13891,14747,0.16
14908,12191,0.16
14492,11697,0.16
13198,12889,0.16
10397,12173,0.16
10721,12191,0.16
11278,13204,0.15979381443298968
10397,12191,0.1597222222222222
13303,11433,0.15942028985507245
13487,14730,0.1590909090909091
13204,13931,0.1590909090909091
12478,14747,0.15873015873015872
11193,13342,0.15873015873015872
13495,10821,0.15873015873015872
15304,13495,0.15853658536585366
13487,11298,0.15853658536585366
11193,11278,0.15789473684210525
14908,14893,0.15789473684210525
14893,13830,0.15789473684210525
15016,13244,0.15789473684210525
14107,13495,0.15789473684210525
11066,12266,0.15789473684210525
12892,14679,0.15780141843971632
10693,11298,0.15730337078651685
11278,11193,0.15714285714285714
10529,11057,0.15702479338842976
12892,11057,0.15702479338842976
14107,11057,0.1569767441860465
12173,12889,0.1568627450980392
13198,11042,0.1568627450980392
15304,11433,0.1568627450980392
14107,12892,0.15669014084507044
10721,13931,0.15625
10721,14747,0.15625
10821,11433,0.15625
11433,11278,0.15625
10529,12264,0.15625
14107,14570,0.15606936416184972
14831,11298,0.1559633027522936
14107,11433,0.15584415584415584
14122,11298,0.15584415584415584
14747,14057,0.15555555555555556
14057,14747,0.15555555555555556
15304,14307,0.15555555555555556
11057,11278,0.15555555555555556
13931,10821,0.1553398058252427
12889,12173,0.15517241379310345
12173,14771,0.15517241379310345
14107,12173,0.15492957746478872
15304,14492,0.15492957746478872
14683,11298,0.15483870967741936
14747,13796,0.15458937198067632
11057,11042,0.15447154471544716
10792,10397,0.15432098765432098
10397,11042,0.15428571428571428
12451,11292,0.15384615384615385
13204,14747,0.15384615384615385
14570,13930,0.15384615384615385
15304,13232,0.15384615384615385
12266,14730,0.15384615384615385
11066,14635,0.15384615384615385
12339,14492,0.15384615384615385
10397,14908,0.15384615384615385
11057,10792,0.15384615384615385
14908,11618,0.15384615384615385
10423,13244,0.15384615384615385
11042,12339,0.15384615384615385
11433,12339,0.15384615384615385
10397,11433,0.15359477124183007
12266,13495,0.15350877192982457
14683,10397,0.15350877192982457
14831,14908,0.15337423312883436
14570,11298,0.15254237288135594
11697,14307,0.15254237288135594
14908,12889,0.152317880794702
10721,14524,0.15151515151515152
14492,11298,0.1511627906976744
14492,13204,0.1511627906976744
10140,14107,0.1511627906976744
11433,11697,0.1511627906976744
14771,12173,0.1510791366906475
14107,13487,0.1510204081632653
15304,12266,0.1509433962264151
13204,11057,0.1504424778761062
11057,12451,0.1503267973856209
13342,10397,0.15021459227467812
11278,13244,0.15
12451,10721,0.15
13487,14893,0.15
11057,13198,0.15
14107,11697,0.15
14100,11697,0.14960629921259844
14122,13204,0.14953271028037382
14492,10397,0.1492063492063492
13198,10397,0.14912280701754385
13487,11278,0.14912280701754385
14831,10800,0.14906832298136646
14831,11292,0.14906832298136646
14679,12892,0.148975791433892
14679,11433,0.14893617021276595
14679,11057,0.14893617021276595
12191,10693,0.14893617021276595
14683,10821,0.14893617021276595
14747,12889,0.14878892733564014
12892,11433,0.1484375
12266,12889,0.14814814814814814
13871,15016,0.14814814814814814
11697,14492,0.14814814814814814
13303,12339,0.14814814814814814
14869,13244,0.14754098360655737
13487,10299,0.14754098360655737
13487,11433,0.14736842105263157
14307,10821,0.14720812182741116
12173,14057,0.14705882352941177
14492,13303,0.14705882352941177
14492,11193,0.14705882352941177
10821,13303,0.14705882352941177
12264,10529,0.14705882352941177
13342,11433,0.14705882352941177
13303,12264,0.14666666666666667
14683,15016,0.14634146341463414
15304,13342,0.14634146341463414
14730,10821,0.14606741573033707
14893,13891,0.145985401459854
10821,11193,0.14583333333333334
13851,10397,0.14583333333333334
12889,10792,0.14545454545454545
14679,10397,0.1452991452991453
13495,13232,0.14516129032258066
14492,13232,0.14492753623188406
11042,11292,0.14492753623188406
12892,12173,0.14487632508833923
15016,10397,0.14468085106382977
12892,13303,0.14457831325301204
12889,13487,0.14393939393939395
11193,13244,0.14285714285714285
13244,11697,0.14285714285714285
11697,12264,0.14285714285714285
14679,13204,0.14285714285714285
14683,14679,0.14285714285714285
14893,12173,0.14285714285714285
12266,13891,0.14285714285714285
12478,10800,0.14285714285714285
13342,12892,0.14285714285714285
11042,15304,0.14285714285714285
11066,11057,0.14285714285714285
11066,11433,0.14285714285714285
14635,10529,0.14285714285714285
13930,14843,0.14285714285714285
10792,15304,0.14285714285714285
12339,14635,0.14285714285714285
14057,12266,0.14285714285714285
10529,12889,0.14285714285714285
12264,12339,0.14285714285714285
10693,13244,0.14285714285714285
13830,14679,0.14285714285714285
12954,12264,0.14285714285714285
14122,10721,0.14285714285714285
12451,12264,0.14285714285714285
13495,12892,0.14285714285714285
10821,13244,0.14285714285714285
13495,11433,0.14285714285714285
12954,12478,0.14285714285714285
10397,14122,0.14224137931034483
12892,14057,0.14220183486238533
15016,13487,0.14189189189189189
13487,12892,0.14184397163120568
14869,13796,0.14184397163120568
14057,14831,0.14166666666666666
14831,14107,0.1415929203539823
12266,11697,0.1414141414141414
12266,10721,0.1414141414141414
11697,11057,0.14136125654450263
14122,11057,0.14124293785310735
14107,13204,0.14084507042253522
14893,14679,0.1407766990291262
12264,13931,0.140625
10721,11433,0.14049586776859505
13487,13198,0.14049586776859505
13871,12889,0.14035087719298245
12892,13204,0.14035087719298245
13495,11057,0.14018691588785046
10693,10821,0.14
12264,12889,0.14
12892,10693,0.14
13796,12889,0.13989637305699482
13487,10397,0.1393939393939394
14122,12266,0.13924050632911392
10423,12478,0.13924050632911392
13796,14908,0.1390728476821192
14893,13930,0.1388888888888889
10397,14747,0.1388888888888889
10423,11433,0.1388888888888889
12339,13487,0.1388888888888889
10800,12889,0.13875598086124402
10529,10821,0.13872832369942195
13204,13244,0.13793103448275862
13931,11057,0.13793103448275862
12451,10397,0.13738019169329074
11618,14908,0.13725490196078433
13487,13851,0.13725490196078433
10397,13244,0.13703703703703704
13342,11278,0.136986301369863
13487,14679,0.136986301369863
12266,14908,0.1368421052631579
12889,12266,0.13664596273291926
14908,14107,0.13653136531365315
11433,14679,0.13636363636363635
13830,14831,0.13636363636363635
14057,14893,0.13636363636363635
12264,13204,0.13636363636363635
10792,10821,0.136
13495,10693,0.13580246913580246
14683,12889,0.13580246913580246
13204,10693,0.13580246913580246
10397,14492,0.1357615894039735
10299,13487,0.13559322033898305
12889,10423,0.13559322033898305
12339,11057,0.13559322033898305
14893,10800,0.13513513513513514
15376,10397,0.13513513513513514
13244,13495,0.13513513513513514
14679,13198,0.13513513513513514
12339,10397,0.1350210970464135
13931,13303,0.1346153846153846
14122,10397,0.13445378151260504
13871,13487,0.13445378151260504
10423,13487,0.13432835820895522
14492,15304,0.13333333333333333
12264,11066,0.13333333333333333
11042,12266,0.13333333333333333
13342,13244,0.13333333333333333
13198,14679,0.13333333333333333
11433,12892,0.13333333333333333
13342,11193,0.13333333333333333
14307,13204,0.1328125
11433,14747,0.1326530612244898
14771,11433,0.1326530612244898
14893,14107,0.1324200913242009
11433,14107,0.13227513227513227
14747,14831,0.13218390804597702
11193,13198,0.1320754716981132
15304,12339,0.1320754716981132
14747,13487,0.1317365269461078
15304,12889,0.13157894736842105
14057,14107,0.13131313131313133
12264,13930,0.13125
12892,14747,0.13122171945701358
10423,14107,0.13095238095238096
13891,13796,0.13071895424836602
12889,12264,0.13043478260869565
11057,11066,0.13043478260869565
14107,10299,0.13043478260869565
13495,12266,0.13043478260869565
14057,10397,0.13043478260869565
13871,14107,0.13
10423,12191,0.13
15376,11298,0.1297709923664122
10397,10693,0.12931034482758622
10423,12889,0.12903225806451613
14635,13232,0.12903225806451613
12892,13244,0.12903225806451613
12953,12191,0.12903225806451613
13198,10693,0.12903225806451613
13244,10721,0.12903225806451613
14893,14747,0.12883435582822086
14893,14057,0.12871287128712872
11292,10299,0.1282051282051282
13204,14771,0.1282051282051282
14122,11193,0.1282051282051282
13204,14492,0.1282051282051282
11433,13204,0.1282051282051282
15016,11057,0.1282051282051282
14679,12173,0.1282051282051282
11193,14492,0.1282051282051282
13303,12451,0.12745098039215685
10792,11433,0.12745098039215685
13198,11298,0.12727272727272726
15304,13930,0.1271186440677966
11193,10721,0.12698412698412698
11433,12889,0.1267605633802817
11697,12266,0.1262135922330097
14771,13830,0.125
10529,10397,0.125
11697,13198,0.125
12339,13198,0.125
10423,11278,0.125
10792,10721,0.125
10529,11292,0.125
13244,13303,0.125
10529,11278,0.125
11066,12889,0.125
13303,14747,0.125
14747,10299,0.125
13851,13487,0.125
15304,14122,0.125
10299,12954,0.125
14122,12191,0.125
14524,11057,0.125
11042,14122,0.125
11042,11697,0.125
13244,10423,0.125
14492,14107,0.125
14747,14570,0.125
13487,13303,0.125
14893,13232,0.125
14869,12954,0.12396694214876033
10397,11259,0.12359550561797752
14570,14107,0.12337662337662338
13487,11057,0.12318840579710146
10800,14831,0.12307692307692308
11066,13487,0.12307692307692308
12264,13303,0.12280701754385964
14747,13891,0.12280701754385964
13487,14122,0.12280701754385964
14027,14100,0.12280701754385964
13830,12173,0.12209302325581395
12266,15304,0.1206896551724138
15376,14679,0.1206896551724138
12173,13830,0.12056737588652482
14683,12266,0.12037037037037036
12173,14747,0.12037037037037036
11278,15016,0.12037037037037036
11278,10423,0.12
13851,13198,0.12
11292,12173,0.12
14730,15304,0.12
12892,11278,0.12
14730,13204,0.12
13487,14107,0.12
13487,15304,0.11904761904761904
13851,11433,0.11904761904761904
10693,11433,0.11842105263157894
15304,10423,0.11764705882352941
14869,11433,0.11764705882352941
12264,13796,0.11764705882352941
12892,12339,0.11764705882352941
12478,12173,0.11764705882352941
13495,15016,0.11764705882352941
12173,11618,0.11764705882352941
11193,13495,0.11764705882352941
14100,10423,0.11764705882352941
13244,14492,0.11764705882352941
11193,10693,0.11764705882352941
14747,11697,0.11764705882352941
14492,11066,0.11764705882352941
11042,13851,0.11764705882352941
10397,14869,0.11728395061728394
12173,12892,0.1168091168091168
13487,11193,0.11666666666666667
11278,14869,0.11627906976744186
14635,11433,0.11627906976744186
12173,14107,0.11594202898550725
10792,12889,0.11538461538461539
13796,14869,0.11538461538461539
14057,13232,0.11538461538461539
14730,12264,0.11538461538461539
13204,13487,0.11538461538461539
11433,14635,0.11538461538461539
11433,10821,0.11518324607329843
14869,10397,0.11486486486486487
13198,11193,0.11475409836065574
12266,14122,0.11458333333333333
14869,14057,0.11450381679389313
13487,10821,0.11428571428571428
13796,10140,0.11428571428571428
14747,14679,0.11428571428571428
12478,12954,0.11363636363636363
11433,15304,0.11363636363636363
11042,14730,0.11363636363636363
10529,11298,0.11320754716981132
12266,14747,0.11320754716981132
14869,13198,0.11320754716981132
14057,12889,0.1130952380952381
13871,13232,0.11290322580645161
11066,13204,0.11290322580645161
14869,10821,0.11267605633802817
10397,13495,0.11246200607902736
14057,14869,0.112
14869,12889,0.112
14307,11697,0.1111111111111111
13495,14100,0.1111111111111111
11292,14635,0.1111111111111111
13851,11042,0.1111111111111111
14107,10693,0.1111111111111111
10693,11057,0.1111111111111111
13342,14107,0.1111111111111111
10800,14893,0.1111111111111111
14908,13232,0.1111111111111111
13851,10821,0.1111111111111111
14057,13796,0.1111111111111111
14100,14524,0.1111111111111111
12892,11042,0.1111111111111111
10140,13487,0.1111111111111111
15304,14730,0.1111111111111111
12451,12953,0.1111111111111111
13931,11298,0.1111111111111111
12889,12451,0.1111111111111111
10821,11042,0.1111111111111111
10693,11193,0.1111111111111111
15304,11292,0.10989010989010989
14057,12954,0.1095890410958904
14747,14869,0.1095890410958904
11066,14107,0.1095890410958904
15376,12266,0.1095890410958904
10397,13198,0.1091703056768559
14908,12266,0.10909090909090909
14908,11298,0.10900473933649289
11042,10721,0.10869565217391304
12892,13495,0.10843373493975904
14635,10397,0.10822510822510822
13342,12889,0.1076923076923077
14057,12892,0.10747663551401869
14057,13930,0.10738255033557047
10299,14057,0.10714285714285714
12266,10821,0.10714285714285714
15016,12889,0.10666666666666667
14843,13303,0.10606060606060606
10693,11697,0.10526315789473684
12173,12266,0.10526315789473684
14027,11433,0.10526315789473684
11697,13342,0.10526315789473684
11278,11042,0.10526315789473684
14635,13930,0.10526315789473684
12339,13244,0.10526315789473684
11066,15304,0.10526315789473684
13871,10397,0.10476190476190476
14869,11298,0.10465116279069768
10397,10529,0.1044776119402985
13495,11292,0.10434782608695652
14107,15376,0.10426540284360189
14869,11278,0.10416666666666667
11193,11433,0.104
12266,13204,0.1038961038961039
11057,12191,0.10344827586206896
14057,13891,0.10344827586206896
13495,11193,0.10344827586206896
11193,10397,0.10303030303030303
11433,14492,0.10294117647058823
12191,15016,0.10256410256410256
11042,10397,0.10256410256410256
11278,13342,0.10256410256410256
13204,11042,0.10256410256410256
14869,15016,0.10256410256410256
14635,11057,0.10185185185185185
13244,14869,0.1016949152542373
14492,11057,0.10119047619047619
10721,13487,0.10112359550561797
14570,13232,0.1
14307,13487,0.1
11193,14524,0.1
14122,14635,0.1
10397,14893,0.1
14524,12478,0.1
11042,14492,0.1
11042,12889,0.1
14771,11193,0.1
10792,11042,0.1
10423,12266,0.09950248756218906
13487,14869,0.0990990990990991
14524,10721,0.09859154929577464
14492,11433,0.09859154929577464
11193,13204,0.09836065573770492
14869,10140,0.09836065573770492
13851,14869,0.09803921568627451
14307,15304,0.09803921568627451
12892,13487,0.0979020979020979
14869,13871,0.0975609756097561
11057,13232,0.0975609756097561
11433,10693,0.09701492537313433
10800,14747,0.0958904109589041
13851,14771,0.09523809523809523
14683,12478,0.09523809523809523
14747,15376,0.09523809523809523
14730,14107,0.09523809523809523
14843,11278,0.09523809523809523
13244,13232,0.09523809523809523
12266,14831,0.09523809523809523
13487,14747,0.09523809523809523
12892,11193,0.09523809523809523
14570,14057,0.09523809523809523
14492,14771,0.09523809523809523
13891,14107,0.0946969696969697
14057,12478,0.09433962264150944
14869,10423,0.09375
11697,11193,0.09375
13796,12173,0.09375
14747,10140,0.09375
12892,10299,0.09375
14831,13487,0.09302325581395349
10423,14869,0.09259259259259259
14747,14908,0.09230769230769231
13487,12889,0.09090909090909091
11066,11697,0.09090909090909091
14869,12264,0.09090909090909091
14831,10423,0.09090909090909091
10821,14747,0.09090909090909091
14107,13244,0.09090909090909091
13851,13232,0.09090909090909091
14869,12173,0.09090909090909091
11433,14057,0.09090909090909091
10140,12264,0.09090909090909091
11278,14027,0.09090909090909091
14869,14679,0.09
12954,14057,0.08955223880597014
11618,14635,0.08955223880597014
14893,14908,0.08943089430894309
14122,12889,0.08928571428571429
11042,12892,0.08928571428571429
14869,13851,0.08888888888888889
13931,10397,0.08888888888888889
13796,12954,0.08860759493670886
13342,14635,0.08823529411764706
14869,11193,0.08823529411764706
12954,10423,0.08823529411764706
14869,14747,0.08796296296296297
14771,13487,0.087248322147651
11278,14635,0.08695652173913043
12451,11057,0.08695652173913043
13244,13342,0.08695652173913043
14771,13342,0.08695652173913043
14843,13930,0.08695652173913043
12892,11066,0.08695652173913043
14893,12264,0.08695652173913043
14100,15016,0.08571428571428572
10800,14107,0.08368200836820083
11193,11292,0.08333333333333333
13495,14771,0.08333333333333333
14057,11433,0.08333333333333333
13244,13204,0.08333333333333333
12173,14679,0.08333333333333333
14831,13830,0.08333333333333333
10529,11433,0.08247422680412371
14057,14679,0.08196721311475409
14570,14679,0.08108108108108109
10299,14747,0.0810126582278481
12451,11697,0.08064516129032258
13830,12892,0.08053691275167785
14869,14908,0.08035714285714286
14747,13830,0.08
12892,15304,0.08
13931,10693,0.08
12339,11042,0.08
14679,14747,0.08
14679,14057,0.08
14635,14100,0.08
10800,14057,0.07936507936507936
14057,12173,0.07894736842105263
11066,15016,0.07894736842105263
14122,13487,0.0784313725490196
15304,12264,0.078125
14869,14831,0.07792207792207792
15304,13487,0.07692307692307693
14747,10800,0.07692307692307693
11433,11066,0.07692307692307693
11618,12173,0.07692307692307693
13871,14869,0.07692307692307693
14057,13198,0.07692307692307693
13487,14831,0.07692307692307693
14100,12451,0.07692307692307693
12264,12173,0.07692307692307693
12451,14100,0.07692307692307693
11042,11066,0.07692307692307693
10529,11193,0.07692307692307693
14679,13487,0.0759493670886076
14869,14570,0.0759493670886076
12954,14747,0.07563025210084033
14869,14683,0.07547169811320754
10140,10397,0.07547169811320754
13303,13487,0.075
14122,15304,0.07462686567164178
13198,14107,0.0743801652892562
14057,13487,0.07407407407407407
13244,14683,0.07407407407407407
14057,13830,0.07407407407407407
11697,15016,0.07407407407407407
13495,13244,0.07317073170731707
14908,14747,0.07258064516129033
15376,13232,0.07142857142857142
14492,15016,0.07142857142857142
14683,15304,0.07142857142857142
13487,11697,0.07142857142857142
11433,14027,0.07142857142857142
11292,13303,0.07142857142857142
13796,13198,0.07142857142857142
12266,11042,0.07079646017699115
14679,12266,0.07079646017699115
14107,12266,0.0707070707070707
14683,14869,0.06896551724137931
14107,12954,0.06896551724137931
10529,13487,0.06779661016949153
15304,13198,0.06666666666666667
12451,11193,0.06666666666666667
13198,13342,0.06666666666666667
14057,10800,0.06666666666666667
14908,14057,0.06666666666666667
14747,12954,0.0661764705882353
12954,14869,0.06611570247933884
14869,13891,0.06593406593406594
14831,12173,0.06451612903225806
14747,13204,0.06451612903225806
13891,14057,0.06451612903225806
13891,14869,0.0641025641025641
14893,12954,0.06382978723404255
14747,15016,0.06382978723404255
13198,10140,0.0625
14635,13487,0.0625
11042,12264,0.0625
11066,11042,0.0625
15016,11193,0.0625
11193,15304,0.0625
10800,14869,0.06153846153846154
11042,13204,0.06060606060606061
14570,14869,0.06
14679,14869,0.059322033898305086
12173,10397,0.058823529411764705
12339,12892,0.058823529411764705
14730,14100,0.058823529411764705
14869,13495,0.058823529411764705
11193,12889,0.058823529411764705
12173,10299,0.058823529411764705
13830,14107,0.058823529411764705
13487,14908,0.057692307692307696
14831,12266,0.05714285714285714
12892,14492,0.05660377358490566
12954,14107,0.056074766355140186
14635,11066,0.05555555555555555
14524,11697,0.05555555555555555
10529,14492,0.05555555555555555
14679,13303,0.05555555555555555
12451,11433,0.05555555555555555
13830,14893,0.05555555555555555
15304,13244,0.05555555555555555
11278,12889,0.05555555555555555
14683,10693,0.05405405405405406
14869,10721,0.05405405405405406
15376,14107,0.05286343612334802
14524,11193,0.05263157894736842
14869,12339,0.05263157894736842
10140,10821,0.05263157894736842
10792,13487,0.05263157894736842
12173,14869,0.05263157894736842
12266,15016,0.05263157894736842
14122,14771,0.05263157894736842
12191,11278,0.05263157894736842
10299,13930,0.05128205128205128
13198,14869,0.05
11697,12889,0.05
13495,13487,0.05
14057,12264,0.05
12953,14730,0.047619047619047616
10529,13303,0.047619047619047616
14492,12889,0.047619047619047616
11278,14843,0.047619047619047616
11433,14730,0.047619047619047616
13244,12889,0.047619047619047616
13851,12264,0.045454545454545456
13830,13796,0.045454545454545456
11433,14869,0.04504504504504504
15376,14869,0.043478260869565216
13495,14869,0.043478260869565216
13796,13830,0.043478260869565216
15304,11042,0.043478260869565216
14893,13487,0.043478260869565216
14635,11193,0.043478260869565216
12339,14869,0.043478260869565216
11057,12339,0.043478260869565216
14492,12892,0.0425531914893617
14893,14869,0.042105263157894736
14057,10140,0.041666666666666664
12266,14843,0.041666666666666664
12478,14683,0.041666666666666664
13244,14122,0.041666666666666664
14747,11193,0.041666666666666664
14869,10800,0.0410958904109589
14893,12266,0.04081632653061224
12339,15304,0.04081632653061224
11697,14747,0.04
13487,14635,0.04
15376,14747,0.038461538461538464
14635,11042,0.038461538461538464
13204,11193,0.03636363636363636
15016,14869,0.03636363636363636
14635,11278,0.03571428571428571
13244,15016,0.03571428571428571
10299,14869,0.03571428571428571
14635,13342,0.03333333333333333
14869,14893,0.03260869565217391
11042,14635,0.03225806451612903
14869,13487,0.03225806451612903
10299,12892,0.029411764705882353
14908,14869,0.02830188679245283
15304,11193,0.027777777777777776
14831,14869,0.027522935779816515
11193,12892,0.02702702702702703
11278,14747,0.022222222222222223
13244,13487,0.018518518518518517
10140,14869,0.017857142857142856
14869,15376,0.017241379310344827
14057,14908,0.017241379310344827
14908,13487,0.016129032258064516
14027,11278,0.0
11193,14107,0.0
11066,10721,0.0
11066,14492,0.0
15304,13931,0.0
11193,14679,0.0
11193,14635,0.0
11042,14843,0.0
11278,12191,0.0
11278,14307,0.0
11292,13830,0.0
14057,10423,0.0
14893,11057,0.0
11042,14107,0.0
11042,14747,0.0
14057,11042,0.0
14570,13796,0.0
10140,15376,0.0
14100,14730,0.0
10423,11042,0.0
10529,11042,0.0
15016,11042,0.0
10529,14635,0.0
10693,14122,0.0
10693,14747,0.0
10721,10423,0.0
10721,11066,0.0
15376,10140,0.0
11042,11278,0.0
11042,13495,0.0
14524,13204,0.0
14107,11193,0.0
12191,14100,0.0
12173,11292,0.0
13891,13232,0.0
13244,13871,0.0
14307,11278,0.0
13244,14747,0.0
14027,13232,0.0
14122,11042,0.0
13487,15376,0.0
13495,13342,0.0
14747,13244,0.0
14122,10693,0.0
13830,10299,0.0
13830,11292,0.0
14747,10423,0.0
14679,11193,0.0
13871,12953,0.0
13871,13204,0.0
14869,10693,0.0
13244,11066,0.0
13204,14679,0.0
14492,12339,0.0
12264,15016,0.0
14027,14307,0.0
12339,10721,0.0
15016,12264,0.0
12451,12889,0.0
12451,13232,0.0
12889,11193,0.0
14307,14027,0.0
12889,13244,0.0
14307,14635,0.0
12889,14492,0.0
12892,10529,0.0
12953,12339,0.0
12953,13871,0.0
14107,11042,0.0
